text,sentiment,rating,category
Absolutely love this product! Best purchase I've made this year.,positive,5,Product
Excellent customer support! They resolved my issue within hours.,positive,5,Support
Amazing quality and smooth delivery. Very happy with my purchase!,positive,5,Delivery
Great value for the price. Would recommend to a friend.,positive,4,Value
Outstanding build quality. Exceeded my expectations.,positive,5,Product
Smooth checkout process and fast shipping. Very pleased!,positive,5,Delivery
Couldn't be happier. Will definitely buy again.,positive,5,General
The subscription plan offers great flexibility and features.,positive,4,Value
Returns process was straightforward and hassle-free.,positive,4,Support
Brilliant product, works perfectly right out of the box.,positive,5,Product
Fast delivery and exactly as described. Very satisfied!,positive,5,Delivery
The fabric quality is wonderful and the fit is perfect.,positive,5,Product
Customer service went above and beyond to help me.,positive,5,Support
Really good product, works as expected and looks great.,positive,4,Product
Loved it! The material feels premium and the stitching is clean.,positive,5,Product
Highly recommend this. Great quality for the price.,positive,4,Value
Arrived quickly and packaging was excellent. Happy with everything.,positive,5,Delivery
The app is intuitive and easy to use. Really happy with it.,positive,4,App
Super comfortable and looks even better in person.,positive,5,Product
Worth every penny. Exceptional quality and fast shipping.,positive,5,Value
Delivery took forever and the package was damaged on arrival.,negative,1,Delivery
Terrible quality, broke after two days. Very disappointed.,negative,1,Product
The app crashes frequently. Really frustrating to use.,negative,2,App
Waited 3 weeks for delivery with no updates. Unacceptable.,negative,1,Delivery
Support team was unhelpful and dismissive of my problem.,negative,1,Support
Product looked completely different from the photos online.,negative,2,Product
Instructions were unclear and assembly took several hours.,negative,2,Product
Very disappointed overall. Would not recommend to anyone.,negative,1,General
Worst purchase I have made. A total waste of money.,negative,1,General
Item arrived broken with zero protective packaging.,negative,1,Delivery
The t-shirt was not good as I expected. Very let down.,negative,2,Product
I didn't like it at all. The color faded after first wash.,negative,1,Product
Not worth the price. Cheap material and poor stitching.,negative,2,Product
The size was completely wrong and customer service ignored me.,negative,1,Product
Quality is far below what was advertised. Felt cheated.,negative,1,Product
Did not fit as described. Had to return it immediately.,negative,2,Product
The material feels nothing like the description. Very misleading.,negative,2,Product
I was not happy with this purchase. The seams fell apart.,negative,1,Product
Not as good as the pictures suggested. Looks cheap in person.,negative,2,Product
Terrible stitching and the color was not what was shown online.,negative,1,Product
The item works as described. Nothing special but gets the job done.,neutral,3,Product
Average experience. Not bad but could be improved.,neutral,3,General
Decent product. Does what it says on the tin.,neutral,3,Product
Normal delivery and normal experience overall.,neutral,3,General
The product is okay. Nothing extraordinary about it.,neutral,3,Product
It is fine for the price I suppose.,neutral,3,Value
Works as expected. No complaints no praise.,neutral,3,General
Standard quality and standard packaging delivered on time.,neutral,3,Delivery
Does the job. Not the best not the worst either.,neutral,3,General
Met my basic expectations. Nothing more nothing less.,neutral,3,General
The t-shirt is okay. Not great not terrible just average.,neutral,3,Product
Decent fit but nothing remarkable about the material.,neutral,3,Product
It arrived on time and looks similar to the photos.,neutral,3,Delivery
Product is acceptable for everyday use. Won't blow you away.,neutral,3,Product
Average quality. I've seen better and I've seen worse.,neutral,3,Product
Fits fine and the color is accurate. Nothing exciting.,neutral,3,Product
I liked certain aspects but didn't like others. A mixed bag.,neutral,3,General
Not bad overall. Could do with better packaging though.,neutral,3,General
Reasonable quality for the cost. Not particularly impressed.,neutral,3,Value
The experience was neither good nor bad. Just ordinary.,neutral,3,General
